product_ndc,generic_name,brand_name,dosage_form,route,strength,strength_unit,category,categories,pharm_class,product_type,requires_prescription
71558-590,Amikacin,Arikayce,Suspension,Respiratory (inhalation),590,mg/8.4mL,ANTIBIOTICS,ANTIBIOTICS,Aminoglycoside Antibacterial,HUMAN PRESCRIPTION DRUG,true
59651-026,Amoxicillin / Clavulanate Potassium,Amoxicillin And Clavulanate Potassium,"Powder, FOR Suspension",Oral,250,mg/5mL,ANTIBIOTICS,ANTIBIOTICS,"Penicillin-class Antibacterial, beta Lactamase Inhibitor",HUMAN PRESCRIPTION DRUG,true
23155-916,Ampicillin Injection,Ampicillin,"Powder, FOR Solution",Intramuscular,1,g/g,ANTIBIOTICS,ANTIBIOTICS,Penicillin-class Antibacterial,HUMAN PRESCRIPTION DRUG,true
70436-220,Azithromycin Dihydrate,Azithromycin Dihydrate,"Powder, FOR Suspension",Oral,100,mg/5mL,ANTIBIOTICS,ANTIBIOTICS,Macrolide Antimicrobial,HUMAN PRESCRIPTION DRUG,true
0093-4059,Cefadroxil,Cefadroxil,Tablet,Oral,1000,mg/1,ANTIBIOTICS,ANTIBIOTICS,Cephalosporin Antibacterial,HUMAN PRESCRIPTION DRUG,true
0093-4137,Cefdinir,Cefdinir,"Powder, FOR Suspension",Oral,250,mg/5mL,ANTIBIOTICS,ANTIBIOTICS,Cephalosporin Antibacterial,HUMAN PRESCRIPTION DRUG,true
0143-9670,Cefotetan,Cefotetan,"Injection, Powder, FOR Solution",Intramuscular,1,g/1,ANTIBIOTICS,ANTIBIOTICS,Cephalosporin Antibacterial,HUMAN PRESCRIPTION DRUG,true
0456-2700,Ceftazidime / Avibactam,Avycaz,"Powder, FOR Solution",Intravenous,2,g/1,ANTIBIOTICS,ANTIBIOTICS,"Cephalosporin Antibacterial, beta Lactamase Inhibitor",HUMAN PRESCRIPTION DRUG,true
65862-698,Cefuroxime Axetil,Cefuroxime Axetil,Tablet,Oral,125,mg/1,ANTIBIOTICS,ANTIBIOTICS,Cephalosporin Antibacterial,HUMAN PRESCRIPTION DRUG,true
0143-9927,Ciprofloxacin,Ciprofloxacin,"Tablet, Film Coated",Oral,250,mg/1,ANTIBIOTICS,ANTIBIOTICS,Fluoroquinolone Antibacterial,HUMAN PRESCRIPTION DRUG,true
0781-1962,Clarithromycin,Clarithromycin,Tablet,Oral,500,mg/1,ANTIBIOTICS,ANTIBIOTICS,Macrolide Antimicrobial,HUMAN PRESCRIPTION DRUG,true
0143-9443,Colistimethate Sodium,Colistimethate,"Injection, Powder, FOR Solution",Intramuscular,150,mg/1,ANTIBIOTICS,ANTIBIOTICS,Polymyxin-class Antibacterial,HUMAN PRESCRIPTION DRUG,true
68180-654,Doxyclycline Hyclate,Doxycycline Hyclate,"Tablet, Coated",Oral,150,mg/1,ANTIBIOTICS,ANTIBIOTICS,Tetracycline-class Drug,HUMAN PRESCRIPTION DRUG,true
42806-362,Doxycycline Hyclate,Doxycycline Hyclate,Tablet,Oral,20,mg/1,ANTIBIOTICS,ANTIBIOTICS,Tetracycline-class Drug,HUMAN PRESCRIPTION DRUG,true
24338-120,Erythromycin,Erythromycin,"Capsule, Delayed Release",Oral,250,mg/1,ANTIBIOTICS,ANTIBIOTICS,"Macrolide Antimicrobial, Macrolide",HUMAN PRESCRIPTION DRUG,true
55150-401,Gentamicin,Gentamicin,"Injection, Solution",Intramuscular,10,mg/mL,ANTIBIOTICS,ANTIBIOTICS,Aminoglycoside Antibacterial,HUMAN PRESCRIPTION DRUG,true
63323-355,Levofloxacin,Levofloxacin,Injection,Intravenous,5,mg/mL,ANTIBIOTICS,ANTIBIOTICS,,HUMAN PRESCRIPTION DRUG,true
72485-412,Meropenem,Meropenem,Injection,Intravenous,1,g/20mL,ANTIBIOTICS,ANTIBIOTICS,Penem Antibacterial,HUMAN PRESCRIPTION DRUG,true
13668-487,Minocycline Hydrochloride,Minocycline Hydrochloride,Tablet,Oral,100,mg/1,ANTIBIOTICS,ANTIBIOTICS,Tetracycline-class Drug,HUMAN PRESCRIPTION DRUG,true
46708-505,Moxifloxacin Ophthalmic Solution,Moxifloxacin Ophthalmic Solution,Solution/ Drops,Ophthalmic,5,mg/mL,ANTIBIOTICS,ANTIBIOTICS,Fluoroquinolone Antibacterial,HUMAN PRESCRIPTION DRUG,true
50090-5693,Nitrofurantion,Nitrofurantion,Capsule,Oral,100,mg/1,ANTIBIOTICS,ANTIBIOTICS,Nitrofuran Antibacterial,HUMAN PRESCRIPTION DRUG,true
24208-410,Ofloxacin,Ofloxacin,Solution,Auricular (otic),3,mg/mL,ANTIBIOTICS,ANTIBIOTICS,Quinolone Antimicrobial,HUMAN PRESCRIPTION DRUG,true
0338-1023,Penicillin G,Penicillin G Potassium,"Injection, Solution",Intravenous,2000000,[iU]/50mL,ANTIBIOTICS,ANTIBIOTICS,Penicillin-class Antibacterial,HUMAN PRESCRIPTION DRUG,true
0409-3385,Piperacillin / Tazobactam,Piperacillin And Tazobactam,"Injection, Powder, Lyophilized, FOR Solution",Intravenous,3,g/15mL,ANTIBIOTICS,ANTIBIOTICS,"Penicillin-class Antibacterial, beta Lactamase Inhibitor",HUMAN PRESCRIPTION DRUG,true
63323-320,Piperacillin Sodium / Tazobactam Sodium,Piperacillin And Tazobactam,"Injection, Powder, FOR Solution",Intravenous,4,g/20mL,ANTIBIOTICS,ANTIBIOTICS,"Penicillin-class Antibacterial, beta Lactamase Inhibitor",HUMAN PRESCRIPTION DRUG,true
24208-317,Sulfacetamide Sodium / Prednisolone Sodium Phosphate,Sulfacetamide Sodium And Prednisolone Sodium Phosphate,Solution/ Drops,Ophthalmic,100,mg/mL,ANTIBIOTICS,ANTIBIOTICS|OTHER,"Corticosteroid, Sulfonamide Antibacterial",HUMAN PRESCRIPTION DRUG,true
0008-4990,Tigecycline,Tygacil,"Injection, Powder, Lyophilized, FOR Solution",Intravenous,50,mg/5mL,ANTIBIOTICS,ANTIBIOTICS,Tetracycline-class Antibacterial,HUMAN PRESCRIPTION DRUG,true
0143-9472,Vancomycin,Tyzavan,"Injection, Solution",Intravenous,1,g/200mL,ANTIBIOTICS,ANTIBIOTICS,Glycopeptide Antibacterial,HUMAN PRESCRIPTION DRUG,true
31722-446,Aamlodipine / Olmesartan Medoxomil,Amlodipine And Olmesartan Medoxomil,"Tablet, Film Coated",Oral,5,mg/1,BLOOD_PRESSURE,BLOOD_PRESSURE,"Angiotensin 2 Receptor Blocker, Calcium Channel Blocker, Dihydropyridine Calcium Channel Blocker",HUMAN PRESCRIPTION DRUG,true
23155-921,Amlodipine / Benazepril Hydrochloride,Amlodipine And Benazepril Hydrochloride,Capsule,Oral,5,mg/1,BLOOD_PRESSURE,BLOOD_PRESSURE,"Angiotensin Converting Enzyme Inhibitor, Calcium Channel Blocker, Dihydropyridine Calcium Channel Blocker",HUMAN PRESCRIPTION DRUG,true
46708-214,Amlodipine Besylate / Olmesartran Medoxomil,Amlodipine Besylate And Olmesartran Medoxomil,"Tablet, Film Coated",Oral,10,mg/1,BLOOD_PRESSURE,BLOOD_PRESSURE,"Angiotensin 2 Receptor Blocker, Calcium Channel Blocker, Dihydropyridine Calcium Channel Blocker",HUMAN PRESCRIPTION DRUG,true
23155-751,Benazepril Hydrochloride,Benazepril Hydrochloride,Tablet,Oral,20,mg/1,BLOOD_PRESSURE,BLOOD_PRESSURE,Angiotensin Converting Enzyme Inhibitor,HUMAN PRESCRIPTION DRUG,true
10135-742,Bisoprolol Fumarate / Hydrochlorothiazide,Bisoprolol Fumarate And Hydrochlorothiazide,Tablet,Oral,10,mg/1,BLOOD_PRESSURE,BLOOD_PRESSURE,"Thiazide Diuretic, beta-Adrenergic Blocker",HUMAN PRESCRIPTION DRUG,true
0143-1171,Captopril,Captopril,Tablet,Oral,12.5,mg/1,BLOOD_PRESSURE,BLOOD_PRESSURE,Angiotensin Converting Enzyme Inhibitor,HUMAN PRESCRIPTION DRUG,true
51662-1346,Clonidine HCI,Clonidine HCI,"Injection, Solution",Intravenous,100,ug/mL,BLOOD_PRESSURE,BLOOD_PRESSURE,Central alpha-2 Adrenergic Agonist,HUMAN PRESCRIPTION DRUG,true
0641-6013,Diltiazem Hydrochloride,Diltiazem Hydrochloride,Injection,Intravenous,5,mg/mL,BLOOD_PRESSURE,BLOOD_PRESSURE,Calcium Channel Blocker,HUMAN PRESCRIPTION DRUG,true
0093-2070,Doxazosin Mesylate,Doxazosin,Tablet,Oral,1,mg/1,BLOOD_PRESSURE,BLOOD_PRESSURE,alpha-Adrenergic Blocker,HUMAN PRESCRIPTION DRUG,true
0404-9785,Esmolol Hydrochloride,Esmolol Hydrochloride,"Injection, Solution",Intravenous,10,mg/mL,BLOOD_PRESSURE,BLOOD_PRESSURE,beta-Adrenergic Blocker,HUMAN PRESCRIPTION DRUG,true
62135-041,Fosinopril Sodium,Fosinopril Sodium,Tablet,Oral,10,mg/1,BLOOD_PRESSURE,BLOOD_PRESSURE,Angiotensin Converting Enzyme Inhibitor,HUMAN PRESCRIPTION DRUG,true
0591-0347,Hydrochlorothiazide,Hydrochlorothiazide,"Capsule, Gelatin Coated",Oral,12.5,mg/1,BLOOD_PRESSURE,BLOOD_PRESSURE,Thiazide Diuretic,HUMAN PRESCRIPTION DRUG,true
0615-8513,Labetalol Hydrochloride,Labetalol Hydrochloride,"Tablet, Film Coated",Oral,200,mg/1,BLOOD_PRESSURE,BLOOD_PRESSURE,beta-Adrenergic Blocker,HUMAN PRESCRIPTION DRUG,true
62207-743,Losartan,Losartan Potassium,Tablet,Oral,100,mg/1,BLOOD_PRESSURE,BLOOD_PRESSURE,Angiotensin 2 Receptor Blocker,HUMAN PRESCRIPTION DRUG,true
31722-592,Metoprolol Succinate,Metoprolol Succinate,"Tablet, Film Coated, Extended Release",Oral,200,mg/1,BLOOD_PRESSURE,BLOOD_PRESSURE,beta-Adrenergic Blocker,HUMAN PRESCRIPTION DRUG,true
0378-0032,Metoprolol Tartrate,Metoprolol Tartrate,"Tablet, Film Coated",Oral,50,mg/1,BLOOD_PRESSURE,BLOOD_PRESSURE,beta-Adrenergic Blocker,HUMAN PRESCRIPTION DRUG,true
0143-9633,Nicardipine Hydrochloride,Nicardipine Hydrochloride,Injection,Intravenous,.2,mg/mL,BLOOD_PRESSURE,BLOOD_PRESSURE,Dihydropyridine Calcium Channel Blocker,HUMAN PRESCRIPTION DRUG,true
49252-066,Olmesartan Medoxomil,Olmesartan Medoxomil,"Tablet, Coated",Oral,20,mg/1,BLOOD_PRESSURE,BLOOD_PRESSURE,Angiotensin 2 Receptor Blocker,HUMAN PRESCRIPTION DRUG,true
83368-075,Phentolamine Mesylate,Ryzumvi,Solution/ Drops,Ophthalmic,10,mg/mL,BLOOD_PRESSURE,BLOOD_PRESSURE,alpha-Adrenergic Blocker,HUMAN PRESCRIPTION DRUG,true
0378-0184,Propranolol Hydrochloride,Propranolol Hydrochloride,Tablet,Oral,40,mg/1,BLOOD_PRESSURE,BLOOD_PRESSURE,beta-Adrenergic Blocker,HUMAN PRESCRIPTION DRUG,true
65862-161,Quinapril Hydrochloride/hydrochlorothiazide,Quinapril Hydrochloride/hydrochlorothiazide,"Tablet, Film Coated",Oral,10,mg/1,BLOOD_PRESSURE,BLOOD_PRESSURE,"Angiotensin Converting Enzyme Inhibitor, Thiazide Diuretic",HUMAN PRESCRIPTION DRUG,true
50090-6458,Spironolactone,Spironolactone,"Tablet, Coated",Oral,50,mg/1,BLOOD_PRESSURE,BLOOD_PRESSURE,Aldosterone Antagonist,HUMAN PRESCRIPTION DRUG,true
24689-003,Terazosin Hydrochloride,Terazosin Hydrochloride,Capsule,Oral,5,mg/1,BLOOD_PRESSURE,BLOOD_PRESSURE,alpha-Adrenergic Blocker,HUMAN PRESCRIPTION DRUG,true
43598-748,Timolol Maleate Ophthalmic Gel Forming Solution 0.5%,Timolol Maleate Ophthalmic Gel Forming Solution 0.5%,Solution/ Drops,Ophthalmic,5,mg/mL,BLOOD_PRESSURE,BLOOD_PRESSURE,beta-Adrenergic Blocker,HUMAN PRESCRIPTION DRUG,true
0078-0358,Valsartan,Diovan,Tablet,Oral,80,mg/1,BLOOD_PRESSURE,BLOOD_PRESSURE,Angiotensin 2 Receptor Blocker,HUMAN PRESCRIPTION DRUG,true
23155-026,Verapamil Hydrochloride,Verapamil Hydrochloride,Tablet,Oral,80,mg/1,BLOOD_PRESSURE,BLOOD_PRESSURE,Calcium Channel Blocker,HUMAN PRESCRIPTION DRUG,true
0310-6270,Dapagliflozin / Metformin Hydrochloride,Xigduo,"Tablet, Film Coated, Extended Release",Oral,10,mg/1,DIABETES,DIABETES,"Biguanide, Sodium-Glucose Cotransporter 2 Inhibitor",HUMAN PRESCRIPTION DRUG,true
0006-5370,Ertugliflozin / Metformin Hydrochloride,Segluromet,"Tablet, Film Coated",Oral,7.5,mg/1,DIABETES,DIABETES,Biguanide,HUMAN PRESCRIPTION DRUG,true
0093-8342,Glyburide,Glyburide,Tablet,Oral,1.25,mg/1,DIABETES,DIABETES,Sulfonylurea,HUMAN PRESCRIPTION DRUG,true
50090-1276,Insulin Detemir,Levemir,"Injection, Solution",Subcutaneous,100,[iU]/mL,DIABETES,DIABETES,Insulin Analog,HUMAN PRESCRIPTION DRUG,true
0597-0270,Linagliptin / Metformin Hydrochloride,Jentadueto XR,"Tablet, Film Coated, Extended Release",Oral,2.5,mg/1,DIABETES,DIABETES,"Biguanide, Dipeptidyl Peptidase 4 Inhibitor",HUMAN PRESCRIPTION DRUG,true
10631-206,Metformin Hydrochloride,Riomet,Solution,Oral,500,mg/5mL,DIABETES,DIABETES,Biguanide,HUMAN PRESCRIPTION DRUG,true
0169-1709,Oral Semaglutide,Ozempic,Tablet,Oral,9,mg/1,DIABETES,DIABETES,GLP-1 Receptor Agonist,HUMAN PRESCRIPTION DRUG,true
0378-8176,Saxagliptin / Metformin,Saxagliptin And Metformin,"Tablet, Film Coated, Extended Release",Oral,2.5,mg/1,DIABETES,DIABETES,"Biguanide, Dipeptidyl Peptidase 4 Inhibitor",HUMAN PRESCRIPTION DRUG,true
0006-0575,Sitagliptin / Metformin Hydrochloride,Janumet,"Tablet, Film Coated",Oral,50,mg/1,DIABETES,DIABETES,"Biguanide, Dipeptidyl Peptidase 4 Inhibitor",HUMAN PRESCRIPTION DRUG,true
0067-2000,Acetaminophen / Aspirin (nsaid) / Caffeine,Excedrin,"Tablet, Film Coated",Oral,250,mg/1,HEART,HEART|OTHER,"Central Nervous System Stimulant, Methylxanthine, Nonsteroidal Anti-inflammatory Drug, Platelet Aggregation Inhibitor",HUMAN OTC DRUG,false
11673-070,Acetaminophen-aspirin-caffeine,Headache Relief,"Tablet, Coated",Oral,250,mg/1,HEART,HEART|OTHER,"Central Nervous System Stimulant, Methylxanthine, Nonsteroidal Anti-inflammatory Drug, Platelet Aggregation Inhibitor",HUMAN OTC DRUG,false
0003-0894,Apixaban,Eliquis,"Tablet, Film Coated",Oral,5,mg/1,HEART,HEART,Factor Xa Inhibitor,HUMAN PRESCRIPTION DRUG,true
11822-3343,Aspirin / Acetaminophen / Caffeine,Headache Relief,"Tablet, Film Coated",Oral,250,mg/1,HEART,HEART|OTHER,"Central Nervous System Stimulant, Methylxanthine, Nonsteroidal Anti-inflammatory Drug, Platelet Aggregation Inhibitor",HUMAN OTC DRUG,false
21130-421,Aspirin / Citric Acid / Sodium Bicarbonate,Signature Care Effervescent Antacid And Pain Relief,"Tablet, Effervescent",Oral,1916,mg/1,HEART,HEART,"Anti-coagulant, Calculi Dissolution Agent, Nonsteroidal Anti-inflammatory Drug, Platelet Aggregation Inhibitor",HUMAN OTC DRUG,false
0280-0103,Aspirin/Caffeine Oral Powder,Bayer Rapid Relief,Powder,Oral,65,mg/1,HEART,HEART,"Central Nervous System Stimulant, Methylxanthine, Nonsteroidal Anti-inflammatory Drug, Platelet Aggregation Inhibitor",HUMAN OTC DRUG,false
42023-622,Bivalirudin,Bivalirudin,"Injection, Solution",Intravenous,250,mg/1,HEART,HEART,"Anti-coagulant, Direct Thrombin Inhibitor",HUMAN PRESCRIPTION DRUG,true
0597-0355,Dabigatran Etexilate Mesylate,Pradaxa,Capsule,Oral,75,mg/1,HEART,HEART,Direct Thrombin Inhibitor,HUMAN PRESCRIPTION DRUG,true
0069-5810,Dofetilide,Tikosyn,Capsule,Oral,.25,mg/1,HEART,HEART,Antiarrhythmic,HUMAN PRESCRIPTION DRUG,true
51407-019,Flecainide Acetate Tablet,Flecainide Acetate,Tablet,Oral,100,mg/1,HEART,HEART,Antiarrhythmic,HUMAN PRESCRIPTION DRUG,true
0228-2631,Isosorbide Mononitrate,Isosorbide Mononitrate,Tablet,Oral,10,mg/1,HEART,HEART,Nitrate Vasodilator,HUMAN PRESCRIPTION DRUG,true
0143-9172,Lidocaine Hydrochloride,Lidocaine,"Injection, Solution",Infiltration,10,mg/mL,HEART,HEART,"Amide Local Anesthetic, Antiarrhythmic",HUMAN PRESCRIPTION DRUG,true
0093-0926,Lovastatin,Lovastatin,Tablet,Oral,10,mg/1,HEART,HEART,HMG-CoA Reductase Inhibitor,HUMAN PRESCRIPTION DRUG,true
0378-5055,Pitavastatin,Pitavastatin Calcium,"Tablet, Film Coated",Oral,1,mg/1,HEART,HEART,HMG-CoA Reductase Inhibitor,HUMAN PRESCRIPTION DRUG,true
62135-850,Pravastatin Sodium,Pravastatin Sodium,"Tablet, Film Coated",Oral,80,mg/1,HEART,HEART,HMG-CoA Reductase Inhibitor,HUMAN PRESCRIPTION DRUG,true
50458-575,Rivaroxaban,Xarelto,"Granule, FOR Suspension",Oral,155,mg/1,HEART,HEART,Factor Xa Inhibitor,HUMAN PRESCRIPTION DRUG,true
13668-722,Rosuvastatin Calcium,Rosuvastatin Calcium,Tablet,Oral,20,mg/1,HEART,HEART,HMG-CoA Reductase Inhibitor,HUMAN PRESCRIPTION DRUG,true
76385-125,Sotalol Hydrochloride Tables AF,Sotalol Hydrochloride,Tablet,Oral,80,mg/1,HEART,HEART,Antiarrhythmic,HUMAN PRESCRIPTION DRUG,true
0093-1716,Warfarin Sodium,Warfarin Sodium,Tablet,Oral,4,mg/1,HEART,HEART|VITAMINS,Vitamin K Antagonist,HUMAN PRESCRIPTION DRUG,true
0904-1987,Acetaminophen,Mapap,Capsule,Oral,500,mg/1,OTHER,OTHER,,HUMAN OTC DRUG,false
69676-0096,Acetaminophen / Dextromethorphan HBr,Kids Multi Symptom Cold And Flu,Suspension,Oral,5,mg/10mL,OTHER,OTHER,"Sigma-1 Agonist, Uncompetitive N-methyl-D-aspartate Receptor Antagonist",HUMAN OTC DRUG,false
0113-7019,Acetaminophen / Dextromethorphan Hydrobromide,Good Sense Daytime,"Tablet, Film Coated",Oral,325,mg/1,OTHER,OTHER,"Sigma-1 Agonist, Uncompetitive N-methyl-D-aspartate Receptor Antagonist",HUMAN OTC DRUG,false
55758-384,Acetaminophen / Dextromethorphan Hydrobromide / Phenylephrine Hydrochloride,SanaTos,"Granule, FOR Solution",Oral,650,mg/1,OTHER,OTHER,"Sigma-1 Agonist, Uncompetitive N-methyl-D-aspartate Receptor Antagonist, alpha-1 Adrenergic Agonist",HUMAN OTC DRUG,false
0143-9657,Acyclovir,Acyclovir,"Injection, Powder, Lyophilized, FOR Solution",Intravenous,500,mg/1,OTHER,OTHER,"Herpes Simplex Virus Nucleoside Analog DNA Polymerase Inhibitor, Herpes Zoster Virus Nucleoside Analog DNA Polymerase Inhibitor, Herpesvirus Nucleoside Analog DNA Polymerase Inhibitor",HUMAN PRESCRIPTION DRUG,true
50090-7424,Amitriptyline Hydrochloride,Amitriptyline Hydrochloride,"Tablet, Coated",Oral,10,mg/1,OTHER,OTHER,Tricyclic Antidepressant,HUMAN PRESCRIPTION DRUG,true
0904-6885,Carbamazepine,Carbamazepine,"Capsule, Extended Release",Oral,200,mg/1,OTHER,OTHER,Mood Stabilizer,HUMAN PRESCRIPTION DRUG,true
0093-3212,Clonazepam,Clonazepam,Tablet,Oral,1,mg/1,OTHER,OTHER,Benzodiazepine,HUMAN PRESCRIPTION DRUG,true
0054-4184,Dexamethasone,Dexamethasone,Tablet,Oral,4,mg/1,OTHER,OTHER,Corticosteroid,HUMAN PRESCRIPTION DRUG,true
0363-1056,Dextromethorphan HBr / Guaifenesin / Phenylephrine HCl,Childrens Mucus Cough And Congestion Relief,Solution,Oral,5,mg/5mL,OTHER,OTHER,"Expectorant, Sigma-1 Agonist, Uncompetitive N-methyl-D-aspartate Receptor Antagonist, alpha-1 Adrenergic Agonist",HUMAN OTC DRUG,false
52412-992,Dextromethorphan Hydrobromide / Guaifenesin,Pediacare Childrens Cough And Congestion Grape,Syrup,Oral,5,mg/5mL,OTHER,OTHER,"Expectorant, Sigma-1 Agonist, Uncompetitive N-methyl-D-aspartate Receptor Antagonist",HUMAN OTC DRUG,false
63187-791,Diclofenac Sodium,Diclofenac Sodium,Solution/ Drops,Transdermal,16.05,mg/mL,OTHER,OTHER,Nonsteroidal Anti-inflammatory Drug,HUMAN PRESCRIPTION DRUG,true
0186-4025,Esomeprazole Magnesium,Nexium,"Granule, Delayed Release",Oral,2.5,mg/1,OTHER,OTHER,Proton Pump Inhibitor,HUMAN PRESCRIPTION DRUG,true
27241-249,Famotidine,Famotidine,FOR Suspension,Oral,40,mg/5mL,OTHER,OTHER,Histamine-2 Receptor Antagonist,HUMAN PRESCRIPTION DRUG,true
0615-8093,Fluoxetine,Fluoxetine,Capsule,Oral,10,mg/1,OTHER,OTHER,Serotonin Reuptake Inhibitor,HUMAN PRESCRIPTION DRUG,true
0071-2012,Gabapentin,Neurontin,Solution,Oral,250,mg/5mL,OTHER,OTHER,,HUMAN PRESCRIPTION DRUG,true
63824-537,Guaifenesin,Mucinex Fast-Max Chest Congestion Honey And Berry Flavor,Solution,Oral,400,mg/20mL,OTHER,OTHER,Expectorant,HUMAN OTC DRUG,false
11822-4258,Ibuprofen,Ibuprofen,Capsule,Oral,200,mg/1,OTHER,OTHER,Nonsteroidal Anti-inflammatory Drug,HUMAN OTC DRUG,false
13668-017,Levetiracetam,Levetiracetam,Tablet,Oral,1000,mg/1,OTHER,OTHER,,HUMAN PRESCRIPTION DRUG,true
0113-1191,Loratadine,Good Sense Allergy Relief,"Tablet, Orally Disintegrating",Oral,10,mg/1,OTHER,OTHER,,HUMAN OTC DRUG,false
82094-403,Methylprednisolone,Methylprednisolone Sodium Succinate,"Injection, Powder, Lyophilized, FOR Solution",Intramuscular,500,mg/8mL,OTHER,OTHER,Corticosteroid,HUMAN PRESCRIPTION DRUG,true
43386-581,Metoclopramide Hydrochloride,Metoclopramide Hydrochloride,"Tablet, Orally Disintegrating",Oral,5,mg/1,OTHER,OTHER,Dopamine-2 Receptor Antagonist,HUMAN PRESCRIPTION DRUG,true
0480-0953,Naproxen Sodium,Naproxen Sodium,"Tablet, Film Coated, Extended Release",Oral,750,mg/1,OTHER,OTHER,Nonsteroidal Anti-inflammatory Drug,HUMAN PRESCRIPTION DRUG,true
51407-003,Ondansetron,Ondansetron,Tablet,Oral,4,mg/1,OTHER,OTHER,Serotonin-3 Receptor Antagonist,HUMAN PRESCRIPTION DRUG,true
24208-715,Prednisolone Sodium Phosphate,Prednisolone Sodium Phosphate,Solution/ Drops,Ophthalmic,10,mg/mL,OTHER,OTHER,Corticosteroid,HUMAN PRESCRIPTION DRUG,true
69097-678,Pregabalin Capsules / CV,"Pregabalin Capsules, CV",Capsule,Oral,50,mg/1,OTHER,OTHER,,HUMAN PRESCRIPTION DRUG,true
0904-6671,Sildenafil,Sildenafil,"Tablet, Film Coated",Oral,20,mg/1,OTHER,OTHER,Phosphodiesterase 5 Inhibitor,HUMAN PRESCRIPTION DRUG,true
68025-071,Tramadol Hydrochloride,ConZip,"Capsule, Extended Release",Oral,100,mg/1,OTHER,OTHER,Opioid Agonist,HUMAN PRESCRIPTION DRUG,true
0615-8574,Levothyroxine Sodium,Levothyroxine Sodium,Tablet,Oral,.05,mg/1,THYROID,THYROID,l-Thyroxine,HUMAN PRESCRIPTION DRUG,true
73362-101,Palopegteriparatide,Yorvipath,"Injection, Solution",Subcutaneous,294,ug/.98mL,THYROID,THYROID,Parathyroid Hormone Analog,HUMAN PRESCRIPTION DRUG,true
62372-400,Antacid / Antigas,Childrens Mylicon Tummy Relief For Kids,"Tablet, Chewable",Oral,400,mg/1,VITAMINS,VITAMINS,"Blood Coagulation Factor, Phosphate Binder",HUMAN OTC DRUG,false
0054-3120,Calcitriol,Calcitriol,Solution,Oral,1,ug/mL,VITAMINS,VITAMINS,Vitamin D3 Analog,HUMAN PRESCRIPTION DRUG,true
41167-1031,Calcium Carbonate / Magnesium Hydroxide,Rolaids Ultra Strength Antacid Strawberry,"Tablet, Chewable",Oral,1330,mg/1,VITAMINS,VITAMINS,"Blood Coagulation Factor, Phosphate Binder",HUMAN OTC DRUG,false
11673-776,Calcium Carbonate Peppermint,Ultra Strength Antacid,"Tablet, Chewable",Oral,1000,mg/1,VITAMINS,VITAMINS,,HUMAN OTC DRUG,false
49884-186,Doxylamine Succinate / Pyridoxine Hydrochloride / Delayed Release Tablets 10 Mg/10 Mg,Doxylamine Succinate And Pyridoxine Hydrochloride,"Tablet, Delayed Release",Oral,10,mg/1,VITAMINS,VITAMINS,"Antihistamine, Vitamin B6 Analog",HUMAN PRESCRIPTION DRUG,true
0615-8589,Folic Acid,Folic Acid,Tablet,Oral,1,mg/1,VITAMINS,VITAMINS|OTHER,,HUMAN PRESCRIPTION DRUG,true
85304-029,Minoxidil,Agikenb 5% Minoxidil With Biotin Topical Solution,Solution,Topical,.005,g/mL,VITAMINS,VITAMINS,Arteriolar Vasodilator,HUMAN OTC DRUG,false
33342-187,Niacin,Niacin,Tablet,Oral,500,mg/1,VITAMINS,VITAMINS,Nicotinic Acid,HUMAN PRESCRIPTION DRUG,true
